章番号,問題番号,分類名称,問題,選択肢１,選択肢２,選択肢３,選択肢４,選択肢５,解答番号,解答,解説,類似問題回避番号
SECT002,Q0400,所得税２,次のうち正しいものを選びなさい。,生活用動産の譲渡所得は所得税の課税対象とならない。,金銭債権の譲渡所得は所得税の課税対象となる,公社債の譲渡所得は所得税の課税対象となる,棚卸資産の譲渡所得は所得税の課税対象となる,ゴルフ会員権(株式)の譲渡所得は所得税の課税対象とならない,1,生活用動産の譲渡所得は所得税の課税対象とならない。,何らかの資産を譲渡することによって発生する所得は原則として譲渡所得に該当する。#この譲渡所得は総合課税または分離課税の適用対象とされるが、次のものは他の所得として課税される。#・金銭債権の譲渡(事業所得または雑所得)#・棚卸資産の譲渡(事業所得または雑所得)#・山林の伐採または譲渡(山林所得、事業所得または雑所得)#・営利を目的とした継続的な譲渡(事業所得または雑所得)#なお、自己またはその配偶者その他親族が生活の用に供する家具、什器、衣服その他の資産で政令で定めるものの譲渡による所得、公社債や公社債投資信託・貸付信託の受益権等の譲渡による所得、生活用動産の譲渡については非課税とされる。#従って、これらに該当しないゴルフ会員権の譲渡は譲渡所得の課税対象となる。,7
SECT002,Q0410,所得税２,次のうち正しいものを選びなさい。,金銭債権の譲渡所得は所得税の課税対象とならない。,生活用動産の譲渡所得は所得税の課税対象となる,公社債の譲渡所得は所得税の課税対象となる,棚卸資産の譲渡所得は所得税の課税対象となる,ゴルフ会員権(株式)の譲渡所得は所得税の課税対象とならない,1,金銭債権の譲渡所得は所得税の課税対象とならない。,何らかの資産を譲渡することによって発生する所得は原則として譲渡所得に該当する。#この譲渡所得は総合課税または分離課税の適用対象とされるが、次のものは他の所得として課税される。#・金銭債権の譲渡(事業所得または雑所得)#・棚卸資産の譲渡(事業所得または雑所得)#・山林の伐採または譲渡(山林所得、事業所得または雑所得)#・営利を目的とした継続的な譲渡(事業所得または雑所得)#なお、自己またはその配偶者その他親族が生活の用に供する家具、什器、衣服その他の資産で政令で定めるものの譲渡による所得、公社債や公社債投資信託・貸付信託の受益権等の譲渡による所得、生活用動産の譲渡については非課税とされる。#従って、これらに該当しないゴルフ会員権の譲渡は譲渡所得の課税対象となる。,7
SECT002,Q0420,所得税２,次のうち正しいものを選びなさい。,公社債の譲渡所得は所得税の課税対象とならない。,金銭債権の譲渡所得は所得税の課税対象となる,生活用動産の譲渡所得は所得税の課税対象となる,棚卸資産の譲渡所得は所得税の課税対象となる,ゴルフ会員権(株式)の譲渡所得は所得税の課税対象とならない,1,公社債の譲渡所得は所得税の課税対象とならない。,何らかの資産を譲渡することによって発生する所得は原則として譲渡所得に該当する。#この譲渡所得は総合課税または分離課税の適用対象とされるが、次のものは他の所得として課税される。#・金銭債権の譲渡(事業所得または雑所得)#・棚卸資産の譲渡(事業所得または雑所得)#・山林の伐採または譲渡(山林所得、事業所得または雑所得)#・営利を目的とした継続的な譲渡(事業所得または雑所得)#なお、自己またはその配偶者その他親族が生活の用に供する家具、什器、衣服その他の資産で政令で定めるものの譲渡による所得、公社債や公社債投資信託・貸付信託の受益権等の譲渡による所得、生活用動産の譲渡については非課税とされる。#従って、これらに該当しないゴルフ会員権の譲渡は譲渡所得の課税対象となる。,7
SECT002,Q0430,所得税２,次のうち正しいものを選びなさい。,棚卸資産の譲渡所得は所得税の課税対象とならない。,金銭債権の譲渡所得は所得税の課税対象となる,公社債の譲渡所得は所得税の課税対象となる,生活用動産の譲渡所得は所得税の課税対象となる,ゴルフ会員権(株式)の譲渡所得は所得税の課税対象とならない,1,棚卸資産の譲渡所得は所得税の課税対象とならない。,何らかの資産を譲渡することによって発生する所得は原則として譲渡所得に該当する。#この譲渡所得は総合課税または分離課税の適用対象とされるが、次のものは他の所得として課税される。#・金銭債権の譲渡(事業所得または雑所得)#・棚卸資産の譲渡(事業所得または雑所得)#・山林の伐採または譲渡(山林所得、事業所得または雑所得)#・営利を目的とした継続的な譲渡(事業所得または雑所得)#なお、自己またはその配偶者その他親族が生活の用に供する家具、什器、衣服その他の資産で政令で定めるものの譲渡による所得、公社債や公社債投資信託・貸付信託の受益権等の譲渡による所得、生活用動産の譲渡については非課税とされる。#従って、これらに該当しないゴルフ会員権の譲渡は譲渡所得の課税対象となる。,7
SECT002,Q0440,所得税２,次のうち正しいものを選びなさい。,ゴルフ会員権(株式)の譲渡所得は所得税の課税対象となる。,金銭債権の譲渡所得は所得税の課税対象となる,公社債の譲渡所得は所得税の課税対象となる,棚卸資産の譲渡所得は所得税の課税対象となる,生活用動産の譲渡所得は所得税の課税対象となる,1,ゴルフ会員権(株式)の譲渡所得は所得税の課税対象となる。,何らかの資産を譲渡することによって発生する所得は原則として譲渡所得に該当する。#この譲渡所得は総合課税または分離課税の適用対象とされるが、次のものは他の所得として課税される。#・金銭債権の譲渡(事業所得または雑所得)#・棚卸資産の譲渡(事業所得または雑所得)#・山林の伐採または譲渡(山林所得、事業所得または雑所得)#・営利を目的とした継続的な譲渡(事業所得または雑所得)#なお、自己またはその配偶者その他親族が生活の用に供する家具、什器、衣服その他の資産で政令で定めるものの譲渡による所得、公社債や公社債投資信託・貸付信託の受益権等の譲渡による所得、生活用動産の譲渡については非課税とされる。#従って、これらに該当しないゴルフ会員権の譲渡は譲渡所得の課税対象となる。,7
SECT002,Q0450,所得税２,次のうち正しいものを選びなさい。,自家用車の事故による破損に伴い支払われる損害保険金は所得税の課税対象とならない,自己の居住する家屋の火災消失により支払われる損害保険金は所得税の課税対象となる,保険料負担者に支払われる生命保険契約の解約返戻金は所得税の課税対象とならない,国民券保険法に基づき支給される保険給付額は所得税の課税対象となる,厚生年金保険法に基づき支払われる遺族厚生年金は所得税の課税対象となる,1,自家用車の事故による破損に伴い支払われる損害保険金は所得税の課税対象とならない,満期保険金と死亡保険金は一時所得として課税対象になる。また年金は雑所得として課税対象になる。#(損害保険契約による)損害保険金については資産の損害を起因として支払われた場合は非課税である。例えば、居住用家屋の火災損失等により支払われる火災保険金は、資産の損害を起因として支払われたもので非課税とされる。#なお、生命保険金の解約返戻金は非課税対象とはならず、契約者本人が保険料をを支払っている場合には一時所得として、契約者本人以外が保険料を負担していた場合には相続税または贈与税の課税対象とされる。,8
SECT002,Q0460,所得税２,次のうち正しいものを選びなさい。,自己の居住する家屋の火災消失により支払われる損害保険金は所得税の課税対象とならない,自家用車の事故による破損に伴い支払われる損害保険金は所得税の課税対象となる,保険料負担者に支払われる生命保険契約の解約返戻金は所得税の課税対象とならない,国民券保険法に基づき支給される保険給付額は所得税の課税対象となる,厚生年金保険法に基づき支払われる遺族厚生年金は所得税の課税対象となる,1,自己の居住する家屋の火災消失により支払われる損害保険金は所得税の課税対象とならない,満期保険金と死亡保険金は一時所得として課税対象になる。また年金は雑所得として課税対象になる。#(損害保険契約による)損害保険金については資産の損害を起因として支払われた場合は非課税である。例えば、居住用家屋の火災損失等により支払われる火災保険金は、資産の損害を起因として支払われたもので非課税とされる。#なお、生命保険金の解約返戻金は非課税対象とはならず、契約者本人が保険料をを支払っている場合には一時所得として、契約者本人以外が保険料を負担していた場合には相続税または贈与税の課税対象とされる。,8
SECT002,Q0470,所得税２,次のうち正しいものを選びなさい。,保険料負担者に支払われる生命保険契約の解約返戻金は所得税の課税対象となる,自己の居住する家屋の火災消失により支払われる損害保険金は所得税の課税対象となる,自家用車の事故による破損に伴い支払われる損害保険金は所得税の課税対象となる,国民券保険法に基づき支給される保険給付額は所得税の課税対象となる,厚生年金保険法に基づき支払われる遺族厚生年金は所得税の課税対象となる,1,保険料負担者に支払われる生命保険契約の解約返戻金は所得税の課税対象となる,満期保険金と死亡保険金は一時所得として課税対象になる。また年金は雑所得として課税対象になる。#(損害保険契約による)損害保険金については資産の損害を起因として支払われた場合は非課税である。例えば、居住用家屋の火災損失等により支払われる火災保険金は、資産の損害を起因として支払われたもので非課税とされる。#なお、生命保険金の解約返戻金は非課税対象とはならず、契約者本人が保険料をを支払っている場合には一時所得として、契約者本人以外が保険料を負担していた場合には相続税または贈与税の課税対象とされる。,8
SECT002,Q0480,所得税２,次のうち正しいものを選びなさい。,国民券保険法に基づき支給される保険給付額は所得税の課税対象とならない,自己の居住する家屋の火災消失により支払われる損害保険金は所得税の課税対象となる,保険料負担者に支払われる生命保険契約の解約返戻金は所得税の課税対象とならない,自家用車の事故による破損に伴い支払われる損害保険金は所得税の課税対象となる,厚生年金保険法に基づき支払われる遺族厚生年金は所得税の課税対象となる,1,国民券保険法に基づき支給される保険給付額は所得税の課税対象とならない,満期保険金と死亡保険金は一時所得として課税対象になる。また年金は雑所得として課税対象になる。#(損害保険契約による)損害保険金については資産の損害を起因として支払われた場合は非課税である。例えば、居住用家屋の火災損失等により支払われる火災保険金は、資産の損害を起因として支払われたもので非課税とされる。#なお、生命保険金の解約返戻金は非課税対象とはならず、契約者本人が保険料をを支払っている場合には一時所得として、契約者本人以外が保険料を負担していた場合には相続税または贈与税の課税対象とされる。,8
SECT002,Q0490,所得税２,次のうち正しいものを選びなさい。,厚生年金保険法に基づき支払われる遺族厚生年金は所得税の課税対象とならない,自己の居住する家屋の火災消失により支払われる損害保険金は所得税の課税対象となる,保険料負担者に支払われる生命保険契約の解約返戻金は所得税の課税対象とならない,国民券保険法に基づき支給される保険給付額は所得税の課税対象となる,自家用車の事故による破損に伴い支払われる損害保険金は所得税の課税対象となる,1,厚生年金保険法に基づき支払われる遺族厚生年金は所得税の課税対象とならない,満期保険金と死亡保険金は一時所得として課税対象になる。また年金は雑所得として課税対象になる。#(損害保険契約による)損害保険金については資産の損害を起因として支払われた場合は非課税である。例えば、居住用家屋の火災損失等により支払われる火災保険金は、資産の損害を起因として支払われたもので非課税とされる。#なお、生命保険金の解約返戻金は非課税対象とはならず、契約者本人が保険料をを支払っている場合には一時所得として、契約者本人以外が保険料を負担していた場合には相続税または贈与税の課税対象とされる。,8
SECT002,Q0500,所得税２,次のうち正しいものを選びなさい。,生命保険契約の満期保険金が保険料を負担した者に支払われる場合、一時所得に算入される。,一時所得の特別控除の最高額は20万円である。,一時所得はその他の所得と総合して課税することはできない,一時所得を総所得金額へ算入する際には、一時所得の金額の３分の１を他の所得と合算する,一時所得の損失の金額は生じなかったものとすることはできない,1,生命保険契約の満期保険金が保険料を負担した者に支払われる場合、一時所得に算入される。,一時所得の金額はその年中の一時所得にかかる総収入金額から、その収入を得るために支出した金額の合計額を控除し、その残額から特別控除額を控除して計算する。式で示すと#一時所得の金額＝総収入金額ー当該収入を得るために支出した金額ー特別控除額(50万円)#特別控除額は原則として50万円であるが、その収入金額を差し引いた残額が50万円未満の場合には、その残額とされる。#なお、総所得金額へ算入する際には、一時所得の金額の２分の１に相当する金額を他の所得と合算する。また、一時所得の損失の金額は、他の所得と損益通算の対象とされない。,9
SECT002,Q0510,所得税２,次のうち正しいものを選びなさい。,一時所得の特別控除の最高額は50万円である,生命保険契約の満期保険金が保険料を負担した者に支払われる場合、一時所得に算入することはできない,一時所得はその他の所得と総合して課税することはできない,一時所得を総所得金額へ算入する際には、一時所得の金額の３分の１を他の所得と合算する,一時所得の損失の金額は生じなかったものとすることはできない,1,一時所得の特別控除の最高額は50万円である,一時所得の金額はその年中の一時所得にかかる総収入金額から、その収入を得るために支出した金額の合計額を控除し、その残額から特別控除額を控除して計算する。式で示すと#一時所得の金額＝総収入金額ー当該収入を得るために支出した金額ー特別控除額(50万円)#特別控除額は原則として50万円であるが、その収入金額を差し引いた残額が50万円未満の場合には、その残額とされる。#なお、総所得金額へ算入する際には、一時所得の金額の２分の１に相当する金額を他の所得と合算する。また、一時所得の損失の金額は、他の所得と損益通算の対象とされない。,9
SECT002,Q0520,所得税２,次のうち正しいものを選びなさい。,一時所得はその他の所得と総合して課税される,一時所得の特別控除の最高額は30万円である。,生命保険契約の満期保険金が保険料を負担した者に支払われる場合、一時所得に算入することはできない,一時所得を総所得金額へ算入する際には、一時所得の金額の３分の１を他の所得と合算する,一時所得の損失の金額は生じなかったものとすることはできない,1,一時所得はその他の所得と総合して課税される,一時所得の金額はその年中の一時所得にかかる総収入金額から、その収入を得るために支出した金額の合計額を控除し、その残額から特別控除額を控除して計算する。式で示すと#一時所得の金額＝総収入金額ー当該収入を得るために支出した金額ー特別控除額(50万円)#特別控除額は原則として50万円であるが、その収入金額を差し引いた残額が50万円未満の場合には、その残額とされる。#なお、総所得金額へ算入する際には、一時所得の金額の２分の１に相当する金額を他の所得と合算する。また、一時所得の損失の金額は、他の所得と損益通算の対象とされない。,9
SECT002,Q0530,所得税２,次のうち正しいものを選びなさい。,一時所得を総所得金額へ算入する際には、一時所得の金額の２分の１を他の所得と合算する,一時所得の特別控除の最高額は40万円である。,一時所得はその他の所得と総合して課税することはできない,生命保険契約の満期保険金が保険料を負担した者に支払われる場合、一時所得に算入することはできない,一時所得の損失の金額は生じなかったものとすることはできない,1,一時所得を総所得金額へ算入する際には、一時所得の金額の２分の１を他の所得と合算する,一時所得の金額はその年中の一時所得にかかる総収入金額から、その収入を得るために支出した金額の合計額を控除し、その残額から特別控除額を控除して計算する。式で示すと#一時所得の金額＝総収入金額ー当該収入を得るために支出した金額ー特別控除額(50万円)#特別控除額は原則として50万円であるが、その収入金額を差し引いた残額が50万円未満の場合には、その残額とされる。#なお、総所得金額へ算入する際には、一時所得の金額の２分の１に相当する金額を他の所得と合算する。また、一時所得の損失の金額は、他の所得と損益通算の対象とされない。,9
SECT002,Q0540,所得税２,次のうち正しいものを選びなさい。,一時所得の損失の金額は生じなかったものとされる,一時所得の特別控除の最高額は60万円である。,一時所得はその他の所得と総合して課税することはできない,一時所得を総所得金額へ算入する際には、一時所得の金額の３分の１を他の所得と合算する,生命保険契約の満期保険金が保険料を負担した者に支払われる場合、一時所得に算入することはできない,1,一時所得の損失の金額は生じなかったものとされる,一時所得の金額はその年中の一時所得にかかる総収入金額から、その収入を得るために支出した金額の合計額を控除し、その残額から特別控除額を控除して計算する。式で示すと#一時所得の金額＝総収入金額ー当該収入を得るために支出した金額ー特別控除額(50万円)#特別控除額は原則として50万円であるが、その収入金額を差し引いた残額が50万円未満の場合には、その残額とされる。#なお、総所得金額へ算入する際には、一時所得の金額の２分の１に相当する金額を他の所得と合算する。また、一時所得の損失の金額は、他の所得と損益通算の対象とされない。,9
SECT002,Q0550,所得税２,次のうち正しいものを選びなさい。,配当所得の金額は物品販売業にかかる事業所得の損失の金額と、原則として損益通算できる,不動産所得の金額は物品販売業にかかる事業所得の損失の金額と、原則として損益通算できない,株式の譲渡所得の金額は物品販売業にかかる事業所得の損失の金額と、原則として損益通算できる,一時所得の金額は物品販売業にかかる事業所得の損失の金額と、原則として損益通算できない,雑所得の金額は物品販売業にかかる事業所得の損失の金額と、原則として損益通算できない,1,配当所得の金額は物品販売業にかかる事業所得の損失の金額と、原則として損益通算できる,損益通算とは課税標準を計算する場合において、不動産所得の金額、事業所得の金額、山林所得の金額または譲渡所得の金額の計算上生じた損失の金額があるときに、これを他の各種所得の金額から控除することをいう。#なお、株式の譲渡所得は申告分離課税されるため、総合課税される所得間の損益通算の対象には含まれず、他の株式の譲渡損失との内部通算もしくは一定の上場株式等の譲渡損失が生じた場合につき行うことが出来る申告分離課税を選択した上場株式等の配当所得との損益通算以外は認められていない。,10
SECT002,Q0560,所得税２,次のうち正しいものを選びなさい。,不動産所得の金額は物品販売業にかかる事業所得の損失の金額と、原則として損益通算できる,配当所得の金額は物品販売業にかかる事業所得の損失の金額と、原則として損益通算できない,株式の譲渡所得の金額は物品販売業にかかる事業所得の損失の金額と、原則として損益通算できる,一時所得の金額は物品販売業にかかる事業所得の損失の金額と、原則として損益通算できない,雑所得の金額は物品販売業にかかる事業所得の損失の金額と、原則として損益通算できない,1,不動産所得の金額は物品販売業にかかる事業所得の損失の金額と、原則として損益通算できる,損益通算とは課税標準を計算する場合において、不動産所得の金額、事業所得の金額、山林所得の金額または譲渡所得の金額の計算上生じた損失の金額があるときに、これを他の各種所得の金額から控除することをいう。#なお、株式の譲渡所得は申告分離課税されるため、総合課税される所得間の損益通算の対象には含まれず、他の株式の譲渡損失との内部通算もしくは一定の上場株式等の譲渡損失が生じた場合につき行うことが出来る申告分離課税を選択した上場株式等の配当所得との損益通算以外は認められていない。,10
SECT002,Q0570,所得税２,次のうち正しいものを選びなさい。,株式の譲渡所得の金額は物品販売業にかかる事業所得の損失の金額と、原則として損益通算できない。,不動産所得の金額は物品販売業にかかる事業所得の損失の金額と、原則として損益通算できない,配当所得の金額は物品販売業にかかる事業所得の損失の金額と、原則として損益通算できない,一時所得の金額は物品販売業にかかる事業所得の損失の金額と、原則として損益通算できない,雑所得の金額は物品販売業にかかる事業所得の損失の金額と、原則として損益通算できない,1,株式の譲渡所得の金額は物品販売業にかかる事業所得の損失の金額と、原則として損益通算できない。,損益通算とは課税標準を計算する場合において、不動産所得の金額、事業所得の金額、山林所得の金額または譲渡所得の金額の計算上生じた損失の金額があるときに、これを他の各種所得の金額から控除することをいう。#なお、株式の譲渡所得は申告分離課税されるため、総合課税される所得間の損益通算の対象には含まれず、他の株式の譲渡損失との内部通算もしくは一定の上場株式等の譲渡損失が生じた場合につき行うことが出来る申告分離課税を選択した上場株式等の配当所得との損益通算以外は認められていない。,10
SECT002,Q0580,所得税２,次のうち正しいものを選びなさい。,一時所得の金額は物品販売業にかかる事業所得の損失の金額と、原則として損益通算できる,不動産所得の金額は物品販売業にかかる事業所得の損失の金額と、原則として損益通算できない,株式の譲渡所得の金額は物品販売業にかかる事業所得の損失の金額と、原則として損益通算できる,配当所得の金額は物品販売業にかかる事業所得の損失の金額と、原則として損益通算できない,雑所得の金額は物品販売業にかかる事業所得の損失の金額と、原則として損益通算できない,1,一時所得の金額は物品販売業にかかる事業所得の損失の金額と、原則として損益通算できる,損益通算とは課税標準を計算する場合において、不動産所得の金額、事業所得の金額、山林所得の金額または譲渡所得の金額の計算上生じた損失の金額があるときに、これを他の各種所得の金額から控除することをいう。#なお、株式の譲渡所得は申告分離課税されるため、総合課税される所得間の損益通算の対象には含まれず、他の株式の譲渡損失との内部通算もしくは一定の上場株式等の譲渡損失が生じた場合につき行うことが出来る申告分離課税を選択した上場株式等の配当所得との損益通算以外は認められていない。,10
SECT002,Q0590,所得税２,次のうち正しいものを選びなさい。,雑所得の金額は物品販売業にかかる事業所得の損失の金額と、原則として損益通算できる,不動産所得の金額は物品販売業にかかる事業所得の損失の金額と、原則として損益通算できない,株式の譲渡所得の金額は物品販売業にかかる事業所得の損失の金額と、原則として損益通算できる,一時所得の金額は物品販売業にかかる事業所得の損失の金額と、原則として損益通算できない,配当所得の金額は物品販売業にかかる事業所得の損失の金額と、原則として損益通算できない,1,雑所得の金額は物品販売業にかかる事業所得の損失の金額と、原則として損益通算できる,損益通算とは課税標準を計算する場合において、不動産所得の金額、事業所得の金額、山林所得の金額または譲渡所得の金額の計算上生じた損失の金額があるときに、これを他の各種所得の金額から控除することをいう。#なお、株式の譲渡所得は申告分離課税されるため、総合課税される所得間の損益通算の対象には含まれず、他の株式の譲渡損失との内部通算もしくは一定の上場株式等の譲渡損失が生じた場合につき行うことが出来る申告分離課税を選択した上場株式等の配当所得との損益通算以外は認められていない。,10
SECT002,Q0600,所得税２,次のうち正しいものを選びなさい。,健康増信用のビタミン剤の購入費用は医療費控除の対象にならない,医師による診療費用は医療費控除の対象にならない,妻の美容整形の費用は医療費控除の対象になる,医師に対する贈答品の購入費用は医療費控除の対象になる,疫病予防のためのマスクの購入費用は医療費控除の対象になる,1,健康増信用のビタミン剤の購入費用は医療費控除の対象にならない,医療費控除の対象となる医療費は次に掲げるものの対価のうち、その症状に応じて一般的に支出される水準を著しく超えない部分の金額である。#・医師または歯科医師による診療または治療#治療また療養に必要な医薬品の購入#・病院、診療所または助産所へ収容されるための人的な役務の提供の対価#・あん摩マッサージ指圧師、はり師、柔道整復師などにより施術#・保健師、看護師、または准看護師による療養上の世話#・助産師による分娩の介助#・介護福祉士が診療の補助として行う費用の自己負担分#なお、疾病対策マスク等のような疾病の予防、または健康増進のために供されるものの購入対価、食事療法の食費等は、医療費控除の対象とされない。,11
SECT002,Q0610,所得税２,次のうち正しいものを選びなさい。,医師による診療費用は医療費控除の対象になる,健康増信用のビタミン剤の購入費用は医療費控除の対象になる,妻の美容整形の費用は医療費控除の対象になる,医師に対する贈答品の購入費用は医療費控除の対象になる,疫病予防のためのマスクの購入費用は医療費控除の対象になる,1,医師による診療費用は医療費控除の対象になる,医療費控除の対象となる医療費は次に掲げるものの対価のうち、その症状に応じて一般的に支出される水準を著しく超えない部分の金額である。#・医師または歯科医師による診療または治療#治療また療養に必要な医薬品の購入#・病院、診療所または助産所へ収容されるための人的な役務の提供の対価#・あん摩マッサージ指圧師、はり師、柔道整復師などにより施術#・保健師、看護師、または准看護師による療養上の世話#・助産師による分娩の介助#・介護福祉士が診療の補助として行う費用の自己負担分#なお、疾病対策マスク等のような疾病の予防、または健康増進のために供されるものの購入対価、食事療法の食費等は、医療費控除の対象とされない。,11
SECT002,Q0620,所得税２,次のうち正しいものを選びなさい。,妻の美容整形の費用は医療費控除の対象にならない,医師による診療費用は医療費控除の対象にならない,健康増信用のビタミン剤の購入費用は医療費控除の対象になる,医師に対する贈答品の購入費用は医療費控除の対象になる,疫病予防のためのマスクの購入費用は医療費控除の対象になる,1,妻の美容整形の費用は医療費控除の対象にならない,医療費控除の対象となる医療費は次に掲げるものの対価のうち、その症状に応じて一般的に支出される水準を著しく超えない部分の金額である。#・医師または歯科医師による診療または治療#治療また療養に必要な医薬品の購入#・病院、診療所または助産所へ収容されるための人的な役務の提供の対価#・あん摩マッサージ指圧師、はり師、柔道整復師などにより施術#・保健師、看護師、または准看護師による療養上の世話#・助産師による分娩の介助#・介護福祉士が診療の補助として行う費用の自己負担分#なお、疾病対策マスク等のような疾病の予防、または健康増進のために供されるものの購入対価、食事療法の食費等は、医療費控除の対象とされない。,11
SECT002,Q0630,所得税２,次のうち正しいものを選びなさい。,医師に対する贈答品の購入費用は医療費控除の対象にならない,医師による診療費用は医療費控除の対象にならない,妻の美容整形の費用は医療費控除の対象になる,健康増信用のビタミン剤の購入費用は医療費控除の対象になる,疫病予防のためのマスクの購入費用は医療費控除の対象になる,1,医師に対する贈答品の購入費用は医療費控除の対象にならない,医療費控除の対象となる医療費は次に掲げるものの対価のうち、その症状に応じて一般的に支出される水準を著しく超えない部分の金額である。#・医師または歯科医師による診療または治療#治療また療養に必要な医薬品の購入#・病院、診療所または助産所へ収容されるための人的な役務の提供の対価#・あん摩マッサージ指圧師、はり師、柔道整復師などにより施術#・保健師、看護師、または准看護師による療養上の世話#・助産師による分娩の介助#・介護福祉士が診療の補助として行う費用の自己負担分#なお、疾病対策マスク等のような疾病の予防、または健康増進のために供されるものの購入対価、食事療法の食費等は、医療費控除の対象とされない。,11
SECT002,Q0640,所得税２,次のうち正しいものを選びなさい。,疫病予防のためのマスクの購入費用は医療費控除の対象にならない,医師による診療費用は医療費控除の対象にならない,妻の美容整形の費用は医療費控除の対象になる,医師に対する贈答品の購入費用は医療費控除の対象になる,健康増信用のビタミン剤の購入費用は医療費控除の対象になる,1,疫病予防のためのマスクの購入費用は医療費控除の対象にならない,医療費控除の対象となる医療費は次に掲げるものの対価のうち、その症状に応じて一般的に支出される水準を著しく超えない部分の金額である。#・医師または歯科医師による診療または治療#治療また療養に必要な医薬品の購入#・病院、診療所または助産所へ収容されるための人的な役務の提供の対価#・あん摩マッサージ指圧師、はり師、柔道整復師などにより施術#・保健師、看護師、または准看護師による療養上の世話#・助産師による分娩の介助#・介護福祉士が診療の補助として行う費用の自己負担分#なお、疾病対策マスク等のような疾病の予防、または健康増進のために供されるものの購入対価、食事療法の食費等は、医療費控除の対象とされない。,11
SECT002,Q0650,所得税２,次のうち、所有資産について損失を受けた際に納税者の総所得金額から一定額控除することができる損失を選びなさい。,家屋老朽化による損壊で生じた損失,窃盗による棚卸資産の損失,オレオレ詐欺による資産の損失,債務履行によって生じた資産の損失,天災などによる家財道具の損失,1,家屋老朽化による損壊で生じた損失,雑損控除とは災害、盗難、横領により、納税者または納税者と生計を一にする配偶者その他親族で、その年分の総所得金額等が基礎控除額(38万円)以下の人が所有する資産について損失を受けた場合に、一定の金額を納税者の総所得金額等から控除する制度。,12
SECT002,Q0660,所得税２,次の記述のうち、正しいものを選びなさい。,青色申告により青色事業専従者給与を必要経費に算入可能である,青色申告により棚卸資産の評価法を低価法に選択できる,青色申告により純損失の繰戻還付が可能となる,青色申告によって青色申告特別控除が受けられる,青色申告をしても配偶者特別控除は受けられない,1,青色申告により青色事業専従者給与を必要経費に算入可能である,青色申告の特典のうち、所得計算上の特典の主なものを挙げると次のものがある。#・青色事業専従者給与の必要経費算入#・家事関連費の必要経費算入#現金主義に寄る所得計算の特例#貸倒引当金、返品調整引当金、退職給与引当金の繰入額の必要経費算入#・棚卸資産の低価法の採用#耐用年数の短縮,13
SECT002,Q0670,所得税２,次の記述のうち、正しいものを選びなさい。,青色申告により棚卸資産の評価法を低価法に選択できる,青色申告をしても青色事業専従者給与を必要経費に算入できない。,青色申告により純損失の繰戻還付が可能となる,青色申告によって青色申告特別控除が受けられる,青色申告をしても配偶者特別控除は受けられない,1,青色申告により棚卸資産の評価法を低価法に選択できる,青色申告の特典のうち、所得計算上の特典の主なものを挙げると次のものがある。#・青色事業専従者給与の必要経費算入#・家事関連費の必要経費算入#現金主義に寄る所得計算の特例#貸倒引当金、返品調整引当金、退職給与引当金の繰入額の必要経費算入#・棚卸資産の低価法の採用#耐用年数の短縮,13
SECT002,Q0680,所得税２,次の記述のうち、正しいものを選びなさい。,青色申告により純損失の繰戻還付が可能となる,青色申告により棚卸資産の評価法を低価法に選択できる,青色申告をしても青色事業専従者給与を必要経費に算入できない。,青色申告によって青色申告特別控除が受けられる,青色申告をしても配偶者特別控除は受けられない,1,青色申告により純損失の繰戻還付が可能となる,青色申告の特典のうち、所得計算上の特典の主なものを挙げると次のものがある。#・青色事業専従者給与の必要経費算入#・家事関連費の必要経費算入#現金主義に寄る所得計算の特例#貸倒引当金、返品調整引当金、退職給与引当金の繰入額の必要経費算入#・棚卸資産の低価法の採用#耐用年数の短縮,13
SECT002,Q0690,所得税２,次の記述のうち、正しいものを選びなさい。,青色申告によって青色申告特別控除が受けられる,青色申告により棚卸資産の評価法を低価法に選択できる,青色申告により純損失の繰戻還付が可能となる,青色申告をしても青色事業専従者給与を必要経費に算入できない。,青色申告をしても配偶者特別控除は受けられない,1,青色申告によって青色申告特別控除が受けられる,青色申告の特典のうち、所得計算上の特典の主なものを挙げると次のものがある。#・青色事業専従者給与の必要経費算入#・家事関連費の必要経費算入#現金主義に寄る所得計算の特例#貸倒引当金、返品調整引当金、退職給与引当金の繰入額の必要経費算入#・棚卸資産の低価法の採用#耐用年数の短縮,13
SECT002,Q0700,所得税２,次の記述のうち、正しいものを選びなさい。,青色申告をしても配偶者特別控除は受けられない,青色申告により棚卸資産の評価法を低価法に選択できる,青色申告により純損失の繰戻還付が可能となる,青色申告によって青色申告特別控除が受けられる,青色申告をしても青色事業専従者給与を必要経費に算入できない。,1,青色申告をしても配偶者特別控除は受けられない,青色申告の特典のうち、所得計算上の特典の主なものを挙げると次のものがある。#・青色事業専従者給与の必要経費算入#・家事関連費の必要経費算入#現金主義に寄る所得計算の特例#貸倒引当金、返品調整引当金、退職給与引当金の繰入額の必要経費算入#・棚卸資産の低価法の採用#耐用年数の短縮,13
SECT002,Q0710,所得税２,次の記述のうち、正しいものを選びなさい。,給与所得者がその年の給与の収入金額が2100万円である場合、年末に確定申告をしなくてはいけない。,給与所得者がその年の給与の収入金額が1100万円である場合、年末に確定申告をしなくてはいけない。,給与所得者がその年の給与の収入金額が1600万円である場合、年末に確定申告をしなくてはいけない。,給与所得者がその年の給与の収入金額が2500万円である場合、年末に確定申告をしなくてもよい。,給与所得者がその年の給与の収入金額が5000万円を超えるものは年末に確定申告をしなくてもよい。,1,給与所得者がその年の給与の収入金額が2100万円である場合、年末に確定申告をしなくてはいけない。,給与所得者について、次の場合には年末に確定申告が必要となる。#・その年中に支払を受ける給与の収入金額が2000万円を超えるもの。#１カ所からの給与等の支払を受けている者で、給与所得及び退職所得以外の所得金額の合計が20万円を超える者#・２カ所以上から給与等の支払を受けている者で年末調整を受けていない従たる給与等の金額と給与所得及び退職所得以外の所得金額の合計金額が20万円を超える者#同族会社の役員等で、その同族会社からの貸付金の利子または資産の賃貸料を受け取っている者,14
SECT002,Q0720,所得税２,次の記述のうち、正しいものを選びなさい。,１か所から給与を受ける給与所得者で、給与以外の収入金額の合計が21万円である人は確定申告をしなくてはいけない,１か所から給与を受ける給与所得者で、給与以外の収入金額の合計が11万円である人は確定申告をしなくてはいけない,１か所から給与を受ける給与所得者で、給与以外の収入金額の合計が6万円である人は確定申告をしなくてはいけない,１か所から給与を受ける給与所得者で、給与以外の収入金額の合計が36万円を超える人は確定申告をしなくてもよい,１か所から給与を受ける給与所得者で、給与以外の収入金額の合計が50万円を超える人は確定申告をしなくてもよい,1,１か所から給与を受ける給与所得者で、給与以外の収入金額の合計が21万円である人は確定申告をしなくてはいけない,給与所得者について、次の場合には年末に確定申告が必要となる。#・その年中に支払を受ける給与の収入金額が2000万円を超えるもの。#１カ所からの給与等の支払を受けている者で、給与所得及び退職所得以外の所得金額の合計が20万円を超える者#・２カ所以上から給与等の支払を受けている者で年末調整を受けていない従たる給与等の金額と給与所得及び退職所得以外の所得金額の合計金額が20万円を超える者#同族会社の役員等で、その同族会社からの貸付金の利子または資産の賃貸料を受け取っている者,14
[EOF]